referee_id,referee_name
1,Domingo Lombardi
2,José Macías
3,Aníbal Tejada
4,Alberto Warnken
5,Gilberto de Almeida Rêgo
6,Henri Christophe
7,Francisco Mateucci
8,José Macías
9,John Langenus
10,Aníbal Tejada
11,Ulises Saucedo
12,Thomas Balvay
13,Ricardo Vallarino
14,Gilberto de Almeida Rêgo
15,John Langenus
16,John Langenus
17,Gilberto de Almeida Rêgo
18,John Langenus
19,Johannes van Moorsel
20,John Langenus
21,Francesco Mattea
22,Rinaldo Barlassina
23,René Mercet
24,Alfred Birlem
25,Eugen Braun
26,Ivan Eklind
27,Francesco Mattea
28,Alois Beranek
29,Rinaldo Barlassina
30,Louis Baert
31,René Mercet
32,Rinaldo Barlassina
33,Ivan Eklind
34,Albino Carraro
35,Ivan Eklind
36,John Langenus
37,Giuseppe Scarpi
38,Hans Wüthrich
39,Roger Conrié
40,Alois Beranek
41,Ivan Eklind
42,Lucien Leclerq
43,Alfred Birlem
44,Ivan Eklind
45,Pál von Hertzka
46,Rinaldo Barlassina
47,Louis Baert
48,Augustin Krist
49,Georges Capdeville
50,Lucien Leclerq
51,Hans Wüthrich
52,John Langenus
53,Georges Capdeville
54,George Reader
55,Giovanni Galeati
56,Karel van der Meer
57,Mário Vianna
58,Jean Lutz
59,Ramón Azón Romá
60,Reginald Leafe
61,Alberto Malcher
62,Generoso Dattilo
63,George Mitchell
64,Sandy Griffiths
65,Mário Gardelli
66,Giovanni Galeati
67,Arthur Edward Ellis
68,George Reader
69,Ivan Eklind
70,Arthur Edward Ellis
71,Sandy Griffiths
72,Reginald Leafe
73,Giovanni Galeati
74,Karel van der Meer
75,George Reader
76,Raymond Wyssling
77,Sandy Griffiths
78,Laurent Franken
79,Arthur Edward Ellis
80,Mário Vianna
81,Raymond Vincenti
82,Jose da Costa Vieira
83,Emil Schmetzer
84,Vincenzo Orlandini
85,Charlie Faultless
86,Vasa Stefanovic
87,Manuel Asensi
88,William Ling
89,Esteban Marino
90,Carl Erich Steiner
91,István Zsolt
92,Raymond Vincenti
93,Sandy Griffiths
94,Charlie Faultless
95,Carl Erich Steiner
96,Arthur Edward Ellis
97,István Zsolt
98,Sandy Griffiths
99,Vincenzo Orlandini
100,Raymond Wyssling
101,William Ling
102,Nikolai Levnikov
103,Reginald Leafe
104,Fritz Seipelt
105,Juan Garay Gardeazábal
106,Raymond Wyssling
107,José María Codesal
108,Maurice Guigue
109,István Zsolt
110,Sten Ahlner
111,Arthur Edward Ellis
112,Vincenzo Orlandini
113,Sandy Griffiths
114,Leo Lemesic
115,Albert Dusch
116,Carl Jørgensen
117,Jack Mowat
118,Lucien van Nuffel
119,Arthur Edward Ellis
120,Joaquim Campos
121,Juan Regis Brozzi
122,Martin Macko
123,Arne Eriksson
124,Maurice Guigue
125,Jan Bronkhorst
126,Maurice Guigue
127,Nikolai Levnikov
128,Albert Dusch
129,Fritz Seipelt
130,Juan Garay Gardeazábal
131,Reginald Leafe
132,Raymond Wyssling
133,Sandy Griffiths
134,István Zsolt
135,Juan Regis Brozzi
136,Maurice Guigue
137,Andor Dorogi
138,Kenneth Aston
139,Gottfried Dienst
140,Juan Garay Gardeazábal
141,Albert Dusch
142,Bobby Davidson
143,Carl Erich Steiner
144,Leo Horn
145,Karol Galba
146,Kenneth Aston
147,Pierre Schwinte
148,Nikolai Levnikov
149,João Etzel Filho
150,Leo Horn
151,Branko Tesanić
152,Juan Garay Gardeazábal
153,Cesare Jonni
154,Bobby Davidson
155,Sergio Bustamante
156,Arturo Yamasaki Maldonado
157,Carlos Robles
158,Nikolai Levnikov
159,Gottfried Dienst
160,Antoine Blavier
161,Pierre Schwinte
162,Leo Horn
163,Nikolai Levnikov
164,Arturo Yamasaki Maldonado
165,Arturo Yamasaki Maldonado
166,Gottfried Dienst
167,Juan Garay Gardeazábal
168,Nikolai Levnikov
169,István Zsolt
170,Hugh Phillips
171,Kurt Tschenscher
172,Juan Garay Gardeazábal
173,Menachem Ashkenazi
174,Dimitar Rumenchev
175,Leo Callaghan
176,Gottfried Dienst
177,Karol Galba
178,Tofiq Bahramov
179,Ken Dagnall
180,Ali Kandil
181,Konstantin Zečević
182,José María Codesal
183,Rudolf Kreitlein
184,Concetto Lo Bello
185,Bertil Lööw
186,Joaquim Campos
187,George McCabe
188,Pierre Schwinte
189,Arturo Yamasaki Maldonado
190,Armando Marques
191,Roberto Goicoechea
192,John Adair
193,Rudolf Kreitlein
194,Menachem Ashkenazi
195,Juan Garay Gardeazábal
196,Jim Finney
197,Concetto Lo Bello
198,Pierre Schwinte
199,Ken Dagnall
200,Gottfried Dienst
201,Kurt Tschenscher
202,Bobby Davidson
203,Vital Loraux
204,Antonio Sbardella
205,Andrei Rădulescu
206,Jack Taylor
207,Ramón Barreto Ruíz
208,Laurens van Ravens
209,Rudolf Scheurer
210,Rudi Glöckner
211,Diego De Leo
212,Tofiq Bahramov
213,Ali Kandil
214,Seyoum Tarekegn
215,Abraham Klein
216,José María Ortiz de Mendíbil
217,Rafael Hormazábal Díaz
218,Henry Landauer
219,Ferdinand Marschall
220,Abel Aguilar Elizalde
221,Ángel Norberto Coerezza
222,Ayrton Vieira de Moraes
223,Roger Machin
224,Antonio Ribeiro Saldanha
225,Vital Loraux
226,Rudolf Scheurer
227,Laurens van Ravens
228,Ángel Norberto Coerezza
229,José María Ortiz de Mendíbil
230,Arturo Yamasaki Maldonado
231,Antonio Sbardella
232,Rudi Glöckner
233,Rudolf Scheurer
234,Doğan Babacan
235,Youssou N'Diaye
236,Gerhard Schulenburg
237,Edison Peréz Núñez
238,Károly Palotai
239,Vicente Llobregat
240,Clive Thomas
241,Mahmoud Mustafa Kamel
242,Aurelio Angonese
243,Arie van Gemert
244,Omar Delgado Gómez
245,Jack Taylor
246,Werner Winsemann
247,Pavel Kazakov
248,Govindasamy Suppiah
249,Jafar Namdar
250,Alfonso González Archundía
251,Nicolae Rainea
252,Ramón Barreto Ruíz
253,Tony Boskovic
254,Erich Linemayr
255,Pablo Sánchez Ibáñez
256,Hans-Joachim Weyland
257,Armando Marques
258,Clive Thomas
259,Bobby Davidson
260,Ramón Barreto Ruíz
261,Vital Loraux
262,Rudolf Scheurer
263,Rudi Glöckner
264,Pavel Kazakov
265,Erich Linemayr
266,Jack Taylor
267,Kurt Tschenscher
268,Luis Pestarino
269,Aurelio Angonese
270,Jack Taylor
271,Ángel Norberto Coerezza
272,Nicolae Rainea
273,John Gordon
274,António Garrido
275,Károly Palotai
276,Clive Thomas
277,Alfonso González Archundía
278,Ulf Eriksson
279,Ramón Barreto Ruíz
280,Ángel Franco Martínez
281,Farouk Bouzo
282,Jean Dubach
283,Charles Corver
284,Sergio Gonella
285,Adolf Prokop
286,Youssou N'Diaye
287,Arnaldo Cézar Coelho
288,Jafar Namdar
289,César Guerrero Orosco
290,Abraham Klein
291,Robert Wurtz
292,Ferdinand Biwersi
293,Alojzy Jarguz
294,Erich Linemayr
295,John Gordon
296,Dušan Maksimović
297,Nicolae Rainea
298,Ulf Eriksson
299,Pat Partridge
300,Francis Rion
301,Ramón Barreto Ruíz
302,Károly Palotai
303,Abraham Klein
304,Ángel Franco Martínez
305,Juan Silvagno Cavanna
306,Robert Wurtz
307,Abraham Klein
308,Sergio Gonella
309,Vojtěch Christov
310,Michel Vautrot
311,Augusto Lamo Castillo
312,Franz Wöhrer
313,Ibrahim Youssef Al-Doy
314,David Socha
315,Enrique Labo Revoredo
316,António Garrido
317,Arturo Ithurralde
318,Juan Daniel Cardellino
319,Benjamin Dwomoh
320,Erik Fredriksson
321,Walter Eschweiler
322,Belaïd Lacarne
323,Luis Paulino Siles
324,Alexis Ponnet
325,Malcolm Moffat
326,Yousef Alghoul
327,Bruno Galler
328,Charles Corver
329,Henning Lund-Sørensen
330,Tony Boskovic
331,Myroslav Stupar
332,Tam Sun Chan
333,Mario Rubio Vázquez
334,Clive White
335,Nicolae Rainea
336,Bogdan Dotchev
337,Luis Barrancos
338,Damir Matovinović
339,Rómulo Méndez
340,Paolo Casarin
341,Gastón Castro
342,Bob Valentine
343,Gilberto Aristizábal
344,Héctor Ortiz
345,Károly Palotai
346,Luis Paulino Siles
347,Nicolae Rainea
348,Arnaldo Cézar Coelho
349,Adolf Prokop
350,Michel Vautrot
351,Mario Rubio Vázquez
352,Paolo Casarin
353,Alojzy Jarguz
354,Bob Valentine
355,Abraham Klein
356,Alexis Ponnet
357,Juan Daniel Cardellino
358,Charles Corver
359,António Garrido
360,Arnaldo Cézar Coelho
361,Erik Fredriksson
362,Chris Bambridge
363,Hernán Silva
364,Victoriano Sánchez Arminio
365,Luigi Agnolin
366,José Luis Martínez Bazán
367,Carlos Espósito
368,Valeri Butenko
369,Volker Roth
370,Edwin Picon-Ackong
371,Vojtěch Christov
372,Lajos Németh
373,Jan Keizer
374,Romualdo Arppi Filho
375,Fallaj Al-Shanar
376,Jamal Al-Sharif
377,Rómulo Méndez
378,Gabriel González
379,George Courtney
380,Horst Brummeier
381,Ali Bin Nasser
382,Jesús Díaz
383,Ioan Igna
384,Antonio Márquez Ramírez
385,Carlos Silva Valente
386,Idrissa Traoré
387,Berny Ulloa Morera
388,David Socha
389,Zoran Petrović
390,Bogdan Dotchev
391,André Daina
392,Alan Snoddy
393,Shizuo Takada
394,Siegfried Kirschen
395,Alexis Ponnet
396,Joël Quiniou
397,Romualdo Arppi Filho
398,Erik Fredriksson
399,Volker Roth
400,Luigi Agnolin
401,Carlos Espósito
402,Zoran Petrović
403,Jamal Al-Sharif
404,Jan Keizer
405,Ioan Igna
406,Jesús Díaz
407,Ali Bin Nasser
408,Siegfried Kirschen
409,Luigi Agnolin
410,Antonio Márquez Ramírez
411,George Courtney
412,Romualdo Arppi Filho
413,Michel Vautrot
414,Juan Daniel Cardellino
415,George Courtney
416,José Roberto Wright
417,Kurt Röthlisberger
418,Tullio Lanese
419,Peter Mikkelsen
420,Juan Carlos Loustau
421,Aron Schmidhuber
422,Vincent Mauro
423,Emilio Soriano Aladrén
424,Helmut Kohl
425,Erik Fredriksson
426,Hernán Silva
427,Luigi Agnolin
428,Edgardo Codesal
429,George Smith
430,Alexey Spirin
431,Neji Jouini
432,Carlos Maciel
433,Zoran Petrović
434,Marcel van Langenhove
435,Siegfried Kirschen
436,Elías Jácome
437,Carlos Silva Valente
438,José Roberto Wright
439,Alan Snoddy
440,Shizuo Takada
441,Jamal Al-Sharif
442,Joël Quiniou
443,Helmut Kohl
444,Zoran Petrović
445,Juan Carlos Loustau
446,Tullio Lanese
447,Kurt Röthlisberger
448,Michel Vautrot
449,Tullio Lanese
450,Siegfried Kirschen
451,Joël Quiniou
452,Juan Carlos Loustau
453,José Roberto Wright
454,George Courtney
455,Aron Schmidhuber
456,Peter Mikkelsen
457,Kurt Röthlisberger
458,Carlos Silva Valente
459,Helmut Kohl
460,Edgardo Codesal
461,Michel Vautrot
462,José Roberto Wright
463,Joël Quiniou
464,Edgardo Codesal
465,Arturo Brizio Carter
466,Peter Mikkelsen
467,Francisco Oscar Lamolina
468,Mario van der Ende
469,Jamal Al-Sharif
470,José Torres Cadena
471,Sándor Puhl
472,Alberto Tejada Noriega
473,Kee Chong Lim
474,Manuel Díaz Vega
475,Arturo Angeles
476,Filippi Cavani
477,Rodrigo Badilla
478,Neji Jouini
479,Fabio Baldas
480,Hellmut Krug
481,Leslie Mottram
482,Kurt Röthlisberger
483,Arturo Brizio Carter
484,Joël Quiniou
485,Renato Marsiglia
486,Philip Don
487,Bo Karlsson
488,Ali Bujsaim
489,Peter Mikkelsen
490,Mario van der Ende
491,Rodrigo Badilla
492,Joël Quiniou
493,Francisco Oscar Lamolina
494,José Torres Cadena
495,Jamal Al-Sharif
496,Sándor Puhl
497,Hellmut Krug
498,Alberto Tejada Noriega
499,Neji Jouini
500,Leslie Mottram
501,Kurt Röthlisberger
502,Mario van der Ende
503,Renato Marsiglia
504,Pierluigi Pairetto
505,Peter Mikkelsen
506,Joël Quiniou
507,Arturo Brizio Carter
508,Jamal Al-Sharif
509,Sándor Puhl
510,Rodrigo Badilla
511,José Torres Cadena
512,Philip Don
513,Joël Quiniou
514,José Torres Cadena
515,Ali Bujsaim
516,Sándor Puhl
517,José María García-Aranda
518,Pirom Un-prasert
519,Lucien Bouchardeau
520,Epifanio González
521,Abdul Rahman Al-Zeid
522,Javier Castrilli
523,Márcio Rezende de Freitas
524,Esfandiar Baharmast
525,Günter Benkö
526,Pierluigi Collina
527,Mario van der Ende
528,Alberto Tejada Noriega
529,Vítor Melo Pereira
530,Masayoshi Okada
531,Kee Chong Lim
532,Said Belqola
533,László Vágner
534,Nikolai Levnikov
535,Gamal Al-Ghandour
536,Eddie Lennie
537,John Toro Rendón
538,Arturo Brizio Carter
539,Mario Sánchez Yantén
540,Ian McLeod
541,Ramesh Ramdhan
542,Hugh Dallas
543,Ryszard Wójcik
544,Kim Milton Nielsen
545,Rune Pedersen
546,Urs Meier
547,Bernd Heynemann
548,Marc Batta
549,László Vágner
550,Paul Durkin
551,Esfandiar Baharmast
552,Ali Bujsaim
553,Pierluigi Collina
554,Mario Sánchez Yantén
555,Pirom Un-prasert
556,Mario van der Ende
557,Márcio Rezende de Freitas
558,Abdul Rahman Al-Zeid
559,Epifanio González
560,Gamal Al-Ghandour
561,Said Belqola
562,Günter Benkö
563,Arturo Brizio Carter
564,Eddie Lennie
565,Bernd Heynemann
566,Marc Batta
567,Ali Bujsaim
568,Urs Meier
569,Vítor Melo Pereira
570,José María García-Aranda
571,Javier Castrilli
572,Kim Milton Nielsen
573,Hugh Dallas
574,Gamal Al-Ghandour
575,Arturo Brizio Carter
576,Rune Pedersen
577,Ali Bujsaim
578,José María García-Aranda
579,Epifanio González
580,Said Belqola
581,Ali Bujsaim
582,Toru Kamikawa
583,Saad Mane
584,Ubaldo Aquino
585,Gilles Veissière
586,Ľuboš Micheľ
587,Carlos Eugênio Simon
588,Mohamed Guezzaz
589,Jun Lu
590,Young-joo Kim
591,Brian Hall
592,Kyros Vassaras
593,William Mattus
594,Óscar Ruiz
595,Peter Prendergast
596,Byron Moreno
597,Kim Milton Nielsen
598,Carlos Alberto Batres
599,Terje Hauge
600,Felipe Ramos
601,René Ortubé
602,Gamal Al-Ghandour
603,Pierluigi Collina
604,Ángel Sánchez
605,Graham Poll
606,Anders Frisk
607,Mourad Daami
608,Coffi Codjia
609,Markus Merk
610,Urs Meier
611,Mark Shield
612,Hugh Dallas
613,Vítor Melo Pereira
614,Jan Wegereef
615,Antonio López Nieto
616,Falla N'Doye
617,Brian Hall
618,Ali Bujsaim
619,Felipe Ramos
620,Saad Mane
621,Gamal Al-Ghandour
622,Óscar Ruiz
623,William Mattus
624,Carlos Eugênio Simon
625,Kim Milton Nielsen
626,Gilles Veissière
627,Jun Lu
628,Ángel Sánchez
629,Carlos Alberto Batres
630,Markus Merk
631,Ubaldo Aquino
632,Anders Frisk
633,Vítor Melo Pereira
634,Peter Prendergast
635,Pierluigi Collina
636,Byron Moreno
637,Felipe Ramos
638,Hugh Dallas
639,Gamal Al-Ghandour
640,Óscar Ruiz
641,Urs Meier
642,Kim Milton Nielsen
643,Saad Mane
644,Pierluigi Collina
645,Horacio Elizondo
646,Toru Kamikawa
647,Marco Antonio Rodríguez
648,Shamsul Maidin
649,Frank De Bleeckere
650,Markus Merk
651,Roberto Rosetti
652,Jorge Larrionda
653,Essam Abdel-Fatah
654,Carlos Amarilla
655,Carlos Eugênio Simon
656,Graham Poll
657,Valentin Ivanov
658,Benito Archundia
659,Massimo Busacca
660,Mark Shield
661,Luis Medina Cantalejo
662,Coffi Codjia
663,Toru Kamikawa
664,Ľuboš Micheľ
665,Roberto Rosetti
666,Óscar Ruiz
667,Shamsul Maidin
668,Éric Poulat
669,Horacio Elizondo
670,Jorge Larrionda
671,Frank De Bleeckere
672,Markus Merk
673,Benito Archundia
674,Carlos Amarilla
675,Graham Poll
676,Carlos Eugênio Simon
677,Shamsul Maidin
678,Valentin Ivanov
679,Roberto Rosetti
680,Massimo Busacca
681,Mark Shield
682,Ľuboš Micheľ
683,Marco Antonio Rodríguez
684,Luis Medina Cantalejo
685,Benito Archundia
686,Markus Merk
687,Graham Poll
688,Éric Poulat
689,Coffi Codjia
690,Carlos Amarilla
691,Horacio Elizondo
692,Jorge Larrionda
693,Carlos Eugênio Simon
694,Massimo Busacca
695,Frank De Bleeckere
696,Valentin Ivanov
697,Luis Medina Cantalejo
698,Benito Archundia
699,Ľuboš Micheľ
700,Roberto Rosetti
701,Ľuboš Micheľ
702,Frank De Bleeckere
703,Horacio Elizondo
704,Luis Medina Cantalejo
705,Benito Archundia
706,Jorge Larrionda
707,Toru Kamikawa
708,Horacio Elizondo
709,Ravshan Irmatov
710,Yuichi Nishimura
711,Michael Hester
712,Wolfgang Stark
713,Carlos Eugênio Simon
714,Carlos Alberto Batres
715,Héctor Baldassi
716,Marco Antonio Rodríguez
717,Stéphane Lannoy
718,Olegário Benquerença
719,Benito Archundia
720,Jerome Damon
721,Jorge Larrionda
722,Viktor Kassai
723,Eddy Maillet
724,Howard Webb
725,Massimo Busacca
726,Frank De Bleeckere
727,Óscar Ruiz
728,Khalil Al-Ghamdi
729,Alberto Undiano Mallenco
730,Koman Coulibaly
731,Ravshan Irmatov
732,Héctor Baldassi
733,Roberto Rosetti
734,Jorge Larrionda
735,Eddy Maillet
736,Carlos Alberto Batres
737,Stéphane Lannoy
738,Pablo Pozo
739,Khalil Al-Ghamdi
740,Yuichi Nishimura
741,Óscar Ruiz
742,Viktor Kassai
743,Ravshan Irmatov
744,Olegário Benquerença
745,Wolfgang Stark
746,Frank De Bleeckere
747,Jorge Larrionda
748,Carlos Eugênio Simon
749,Yuichi Nishimura
750,Howard Webb
751,Pablo Pozo
752,Jerome Damon
753,Alberto Undiano Mallenco
754,Benito Archundia
755,Marco Antonio Rodríguez
756,Héctor Baldassi
757,Wolfgang Stark
758,Viktor Kassai
759,Jorge Larrionda
760,Roberto Rosetti
761,Alberto Undiano Mallenco
762,Howard Webb
763,Frank De Bleeckere
764,Héctor Baldassi
765,Yuichi Nishimura
766,Olegário Benquerença
767,Ravshan Irmatov
768,Carlos Alberto Batres
769,Ravshan Irmatov
770,Viktor Kassai
771,Benito Archundia
772,Howard Webb
773,Yuichi Nishimura
774,Wilmar Roldán
775,Nicola Rizzoli
776,Noumandiez Doué
777,Mark Geiger
778,Felix Brych
779,Björn Kuipers
780,Enrique Osses
781,Ravshan Irmatov
782,Sandro Ricci
783,Joel Aguilar
784,Milorad Mažić
785,Carlos Vera
786,Jonas Eriksson
787,Marco Antonio Rodríguez
788,Cüneyt Çakır
789,Néstor Pitana
790,Djamel Haimoudi
791,Mark Geiger
792,Pedro Proença
793,Howard Webb
794,Carlos Velasco Carballo
795,Joel Aguilar
796,Enrique Osses
797,Björn Kuipers
798,Ben Williams
799,Milorad Mažić
800,Sandro Ricci
801,Peter O'Leary
802,Felix Brych
803,Wilmar Roldán
804,Néstor Pitana
805,Nawaf Shukralla
806,Bakary Gassama
807,Jonas Eriksson
808,Ravshan Irmatov
809,Djamel Haimoudi
810,Marco Antonio Rodríguez
811,Pedro Proença
812,Carlos Vera
813,Carlos Velasco Carballo
814,Nicola Rizzoli
815,Néstor Pitana
816,Noumandiez Doué
817,Nawaf Shukralla
818,Ravshan Irmatov
819,Cüneyt Çakır
820,Ben Williams
821,Howard Webb
822,Björn Kuipers
823,Pedro Proença
824,Ben Williams
825,Mark Geiger
826,Sandro Ricci
827,Jonas Eriksson
828,Djamel Haimoudi
829,Néstor Pitana
830,Carlos Velasco Carballo
831,Nicola Rizzoli
832,Ravshan Irmatov
833,Marco Antonio Rodríguez
834,Cüneyt Çakır
835,Djamel Haimoudi
836,Nicola Rizzoli
837,Néstor Pitana
838,Björn Kuipers
839,Cüneyt Çakır
840,Gianluca Rocchi
841,Andrés Cunha
842,Szymon Marciniak
843,Bakary Gassama
844,Sandro Ricci
845,Malang Diedhiou
846,Alireza Faghani
847,César Arturo Ramos
848,Joel Aguilar
849,Janny Sikazwe
850,Wilmar Roldán
851,Damir Skomina
852,Nawaf Shukralla
853,Enrique Cáceres
854,Mark Geiger
855,Clément Turpin
856,Andrés Cunha
857,Antonio Mateu Lahoz
858,Mohammed Abdulla Hassan Mohamed
859,Ravshan Irmatov
860,Björn Kuipers
861,Matthew Conger
862,Felix Brych
863,Jair Marrufo
864,Milorad Mažić
865,Szymon Marciniak
866,Gehad Grisha
867,Gianluca Rocchi
868,César Arturo Ramos
869,Wilmar Roldán
870,Malang Diedhiou
871,Ravshan Irmatov
872,Enrique Cáceres
873,Sergei Karasev
874,Sandro Ricci
875,Antonio Mateu Lahoz
876,Cüneyt Çakır
877,Mark Geiger
878,Néstor Pitana
879,Alireza Faghani
880,Clément Turpin
881,Janny Sikazwe
882,Milorad Mažić
883,Damir Skomina
884,Nawaf Shukralla
885,Alireza Faghani
886,César Arturo Ramos
887,Björn Kuipers
888,Néstor Pitana
889,Gianluca Rocchi
890,Malang Diedhiou
891,Damir Skomina
892,Mark Geiger
893,Néstor Pitana
894,Milorad Mažić
895,Björn Kuipers
896,Sandro Ricci
897,Andrés Cunha
898,Cüneyt Çakır
899,Alireza Faghani
900,Néstor Pitana
901,Daniele Orsato
902,Raphael Claus
903,Wilton Sampaio
904,Abdulrahman Al-Jassim
905,Slavko Vinčić
906,César Arturo Ramos
907,Chris Beath
908,Victor Gomes
909,Fernando Rapallini
910,Iván Barton
911,Mohammed Abdulla Hassan Mohamed
912,Janny Sikazwe
913,Facundo Tello
914,Clément Turpin
915,Ismail Elfath
916,Alireza Faghani
917,Mario Escobar
918,Antonio Mateu Lahoz
919,Mustapha Ghorbal
920,Jesús Valenzuela
921,Daniel Siebert
922,Wilton Sampaio
923,Szymon Marciniak
924,Daniele Orsato
925,Michael Oliver
926,César Arturo Ramos
927,Andrés Matonte
928,Danny Makkelie
929,Mohammed Abdulla Hassan Mohamed
930,Anthony Taylor
931,Iván Barton
932,Alireza Faghani
933,Clément Turpin
934,Bakary Gassama
935,Antonio Mateu Lahoz
936,Slavko Vinčić
937,Mustapha Ghorbal
938,Matthew Conger
939,Danny Makkelie
940,Michael Oliver
941,Raphael Claus
942,Anthony Taylor
943,Stéphanie Frappart
944,Victor Gomes
945,Daniel Siebert
946,Facundo Tello
947,Ismail Elfath
948,Fernando Rapallini
949,Wilton Sampaio
950,Szymon Marciniak
951,Jesús Valenzuela
952,Iván Barton
953,Ismail Elfath
954,Clément Turpin
955,Fernando Rapallini
956,César Arturo Ramos
957,Michael Oliver
958,Antonio Mateu Lahoz
959,Facundo Tello
960,Wilton Sampaio
961,Daniele Orsato
962,César Arturo Ramos
963,Abdulrahman Al-Jassim
964,Szymon Marciniak
